auction_id,round,bidder,frn,gross_payment,discount,net_payment,discount_uncapped,discount_uncapped_small
107,43,AT&T Spectrum Frontiers LLC,0027840180,23406860839,,,,
107,43,"Agri-Valley Communications, Inc.",0003778362,4915460,737319,4178141,737319,
107,43,"Canopy Spectrum, LLC",0029963048,197021760,25000000,172021760,49255440,23320309
107,43,"Carolina West Wireless, Inc.",0001940022,18565480,2784822,15780658,2784822,
107,43,Cellco Partnership,0003290673,45454843197,,,,
107,43,"Cellular South Licenses, LLC",0020434767,49850284,,,,
107,43,"East Kentucky Network, LLC",0001786607,8675753,1301363,7374390,1301363,
107,43,"Grand River Communications, Inc.",0003737392,1590200,238530,1351670,238530,
107,43,Granite Wireless LLC,0030007280,170510,,,,
107,43,"Horry Telephone Cooperative, Inc.",0001886944,7638336,1145750,6492586,1145750,
107,43,"LICT Wireless Broadband Company, LLC",0025243858,4267485,,,,
107,43,Little Bear Wireless L.L.C.,0029996568,2510020,,,,
107,43,"NewLevel II, L.P.",0029984747,1277395688,,,,
107,43,"Nex-Tech Wireless, L.L.C.",0012144150,12164043,1824606,10339437,1824606,
107,43,"Nsight Spectrum, LLC",0020519138,5424123,,,,
107,43,"Pioneer Telephone Cooperative, Inc.",0001700863,23652000,3547800,20104200,3547800,
107,43,"Smith Bagley, Inc.",0002154706,6635510,995327,5640183,995327,
107,43,T-Mobile License LLC,0001565449,9336125147,,,,
107,43,Union Telephone Company,0001630201,3123600,468540,2655060,468540,
107,43,United States Cellular Corporation,0004372322,1282641542,,,,
107,43,"Widespread Wireless, LLC",0029994001,64606668,16151667,48455001,16151667,2947384
107,42,AT&T Spectrum Frontiers LLC,0027840180,23406860839,,,,
107,42,"Agri-Valley Communications, Inc.",0003778362,4915460,737319,4178141,737319,
107,42,"Canopy Spectrum, LLC",0029963048,197021760,25000000,172021760,49255440,23320309
107,42,"Carolina West Wireless, Inc.",0001940022,18565480,2784822,15780658,2784822,
107,42,Cellco Partnership,0003290673,45454784327,,,,
107,42,"Cellular South Licenses, LLC",0020434767,49850284,,,,
107,42,"East Kentucky Network, LLC",0001786607,8675753,1301363,7374390,1301363,
107,42,"Grand River Communications, Inc.",0003737392,1590200,238530,1351670,238530,
107,42,Granite Wireless LLC,0030007280,170510,,,,
107,42,"Horry Telephone Cooperative, Inc.",0001886944,7638336,1145750,6492586,1145750,
107,42,"LICT Wireless Broadband Company, LLC",0025243858,4267485,,,,
107,42,Little Bear Wireless L.L.C.,0029996568,2510020,,,,
107,42,"NewLevel II, L.P.",0029984747,1277395688,,,,
107,42,"Nex-Tech Wireless, L.L.C.",0012144150,12164043,1824606,10339437,1824606,
107,42,"Nsight Spectrum, LLC",0020519138,5424123,,,,
107,42,"Pioneer Telephone Cooperative, Inc.",0001700863,23652000,3547800,20104200,3547800,
107,42,"Smith Bagley, Inc.",0002154706,6635510,995327,5640183,995327,
107,42,T-Mobile License LLC,0001565449,9336125147,,,,
107,42,Union Telephone Company,0001630201,3123600,468540,2655060,468540,
107,42,United States Cellular Corporation,0004372322,1282641542,,,,
107,42,"Widespread Wireless, LLC",0029994001,64606668,16151667,48455001,16151667,2947384
107,41,AT&T Spectrum Frontiers LLC,0027840180,23406860839,,,,
107,41,"Agri-Valley Communications, Inc.",0003778362,4915460,737319,4178141,737319,
107,41,"Canopy Spectrum, LLC",0029963048,197021760,25000000,172021760,49255440,23320309
107,41,"Carolina West Wireless, Inc.",0001940022,18565480,2784822,15780658,2784822,
107,41,Cellco Partnership,0003290673,45454708107,,,,
107,41,"Cellular South Licenses, LLC",0020434767,49850284,,,,
107,41,"East Kentucky Network, LLC",0001786607,8675753,1301363,7374390,1301363,
107,41,"Grand River Communications, Inc.",0003737392,1590200,238530,1351670,238530,
107,41,Granite Wireless LLC,0030007280,170510,,,,
107,41,"Horry Telephone Cooperative, Inc.",0001886944,7638336,1145750,6492586,1145750,
107,41,"LICT Wireless Broadband Company, LLC",0025243858,4267485,,,,
107,41,Little Bear Wireless L.L.C.,0029996568,2510020,,,,
107,41,"NewLevel II, L.P.",0029984747,1277395688,,,,
107,41,"Nex-Tech Wireless, L.L.C.",0012144150,12164043,1824606,10339437,1824606,
107,41,"Nsight Spectrum, LLC",0020519138,5424123,,,,
107,41,"Pioneer Telephone Cooperative, Inc.",0001700863,23652000,3547800,20104200,3547800,
107,41,"Smith Bagley, Inc.",0002154706,6635510,995327,5640183,995327,
107,41,T-Mobile License LLC,0001565449,9336125147,,,,
107,41,Union Telephone Company,0001630201,3123600,468540,2655060,468540,
107,41,United States Cellular Corporation,0004372322,1282641542,,,,
107,41,"Widespread Wireless, LLC",0029994001,64606668,16151667,48455001,16151667,2947384
107,40,AT&T Spectrum Frontiers LLC,0027840180,23406860839,,,,
107,40,"Agri-Valley Communications, Inc.",0003778362,4915460,737319,4178141,737319,
107,40,"Canopy Spectrum, LLC",0029963048,197021760,25000000,172021760,49255440,23320309
107,40,"Carolina West Wireless, Inc.",0001940022,18565480,2784822,15780658,2784822,
107,40,Cellco Partnership,0003290673,45454708107,,,,
107,40,"Cellular South Licenses, LLC",0020434767,49850284,,,,
107,40,"East Kentucky Network, LLC",0001786607,8675753,1301363,7374390,1301363,
107,40,"Grand River Communications, Inc.",0003737392,1590200,238530,1351670,238530,
107,40,Granite Wireless LLC,0030007280,170510,,,,
107,40,"Horry Telephone Cooperative, Inc.",0001886944,7638336,1145750,6492586,1145750,
107,40,"LICT Wireless Broadband Company, LLC",0025243858,4267485,,,,
107,40,Little Bear Wireless L.L.C.,0029996568,2510020,,,,
107,40,"NewLevel II, L.P.",0029984747,1277395688,,,,
107,40,"Nex-Tech Wireless, L.L.C.",0012144150,12164043,1824606,10339437,1824606,
107,40,"Nsight Spectrum, LLC",0020519138,5424123,,,,
107,40,"Pioneer Telephone Cooperative, Inc.",0001700863,23652000,3547800,20104200,3547800,
107,40,"Smith Bagley, Inc.",0002154706,6635510,995327,5640183,995327,
107,40,T-Mobile License LLC,0001565449,9336125147,,,,
107,40,Union Telephone Company,0001630201,3123600,468540,2655060,468540,
107,40,United States Cellular Corporation,0004372322,1282641542,,,,
107,40,"Widespread Wireless, LLC",0029994001,64606668,16151667,48455001,16151667,2947384
107,39,AT&T Spectrum Frontiers LLC,0027840180,23406860839,,,,
107,39,"Agri-Valley Communications, Inc.",0003778362,4915460,737319,4178141,737319,
107,39,"Canopy Spectrum, LLC",0029963048,197021760,25000000,172021760,49255440,23320309
107,39,"Carolina West Wireless, Inc.",0001940022,18565480,2784822,15780658,2784822,
107,39,Cellco Partnership,0003290673,45454628797,,,,
107,39,"Cellular South Licenses, LLC",0020434767,49850284,,,,
107,39,"East Kentucky Network, LLC",0001786607,8675753,1301363,7374390,1301363,
107,39,"Grand River Communications, Inc.",0003737392,1590200,238530,1351670,238530,
107,39,Granite Wireless LLC,0030007280,170510,,,,
107,39,"Horry Telephone Cooperative, Inc.",0001886944,7638336,1145750,6492586,1145750,
107,39,"LICT Wireless Broadband Company, LLC",0025243858,4267485,,,,
107,39,Little Bear Wireless L.L.C.,0029996568,2510020,,,,
107,39,"NewLevel II, L.P.",0029984747,1277395688,,,,
107,39,"Nex-Tech Wireless, L.L.C.",0012144150,12164043,1824606,10339437,1824606,
107,39,"Nsight Spectrum, LLC",0020519138,5424123,,,,
107,39,"Pioneer Telephone Cooperative, Inc.",0001700863,23652000,3547800,20104200,3547800,
107,39,"Smith Bagley, Inc.",0002154706,6635510,995327,5640183,995327,
107,39,T-Mobile License LLC,0001565449,9336125147,,,,
107,39,Union Telephone Company,0001630201,3123600,468540,2655060,468540,
107,39,United States Cellular Corporation,0004372322,1282641542,,,,
107,39,"Widespread Wireless, LLC",0029994001,64606668,16151667,48455001,16151667,2947384
107,38,AT&T Spectrum Frontiers LLC,0027840180,23406860839,,,,
107,38,"Agri-Valley Communications, Inc.",0003778362,4915460,737319,4178141,737319,
107,38,"Canopy Spectrum, LLC",0029963048,197021760,25000000,172021760,49255440,23320309
107,38,"Carolina West Wireless, Inc.",0001940022,18565480,2784822,15780658,2784822,
107,38,Cellco Partnership,0003290673,45454469093,,,,
107,38,"Cellular South Licenses, LLC",0020434767,49850284,,,,
107,38,"East Kentucky Network, LLC",0001786607,8675753,1301363,7374390,1301363,
107,38,"Grand River Communications, Inc.",0003737392,1590200,238530,1351670,238530,
107,38,Granite Wireless LLC,0030007280,170510,,,,
107,38,"Horry Telephone Cooperative, Inc.",0001886944,7638336,1145750,6492586,1145750,
107,38,"LICT Wireless Broadband Company, LLC",0025243858,4267485,,,,
107,38,Little Bear Wireless L.L.C.,0029996568,2510020,,,,
107,38,"NewLevel II, L.P.",0029984747,1277395688,,,,
107,38,"Nex-Tech Wireless, L.L.C.",0012144150,12164043,1824606,10339437,1824606,
107,38,"Nsight Spectrum, LLC",0020519138,5424123,,,,
107,38,"Pioneer Telephone Cooperative, Inc.",0001700863,23652000,3547800,20104200,3547800,
107,38,"Smith Bagley, Inc.",0002154706,6634910,995237,5639673,995237,
107,38,T-Mobile License LLC,0001565449,9336125147,,,,
107,38,Union Telephone Company,0001630201,3123600,468540,2655060,468540,
107,38,United States Cellular Corporation,0004372322,1282628075,,,,
107,38,"Widespread Wireless, LLC",0029994001,64606668,16151667,48455001,16151667,2947384
107,37,AT&T Spectrum Frontiers LLC,0027840180,23406858499,,,,
107,37,"Agri-Valley Communications, Inc.",0003778362,4915460,737319,4178141,737319,
107,37,"Canopy Spectrum, LLC",0029963048,197021760,25000000,172021760,49255440,23320309
107,37,"Carolina West Wireless, Inc.",0001940022,18565480,2784822,15780658,2784822,
107,37,Cellco Partnership,0003290673,45454166609,,,,
107,37,"Cellular South Licenses, LLC",0020434767,49850284,,,,
107,37,"East Kentucky Network, LLC",0001786607,8675753,1301363,7374390,1301363,
107,37,"Grand River Communications, Inc.",0003737392,1590200,238530,1351670,238530,
107,37,Granite Wireless LLC,0030007280,170510,,,,
107,37,"Horry Telephone Cooperative, Inc.",0001886944,7638336,1145750,6492586,1145750,
107,37,"LICT Wireless Broadband Company, LLC",0025243858,4267485,,,,
107,37,Little Bear Wireless L.L.C.,0029996568,2510020,,,,
107,37,"NewLevel II, L.P.",0029984747,1277395688,,,,
107,37,"Nex-Tech Wireless, L.L.C.",0012144150,12157510,1823627,10333883,1823627,
107,37,"Nsight Spectrum, LLC",0020519138,5424123,,,,
107,37,"Pioneer Telephone Cooperative, Inc.",0001700863,23652000,3547800,20104200,3547800,
107,37,"Smith Bagley, Inc.",0002154706,6634910,995237,5639673,995237,
107,37,T-Mobile License LLC,0001565449,9336125147,,,,
107,37,Union Telephone Company,0001630201,3123600,468540,2655060,468540,
107,37,United States Cellular Corporation,0004372322,1282621542,,,,
107,37,"Widespread Wireless, LLC",0029994001,64606668,16151667,48455001,16151667,2947384
107,36,AT&T Spectrum Frontiers LLC,0027840180,23406858499,,,,
107,36,"Agri-Valley Communications, Inc.",0003778362,4915460,737319,4178141,737319,
107,36,"Canopy Spectrum, LLC",0029963048,197021760,25000000,172021760,49255440,23320309
107,36,"Carolina West Wireless, Inc.",0001940022,18565480,2784822,15780658,2784822,
107,36,Cellco Partnership,0003290673,45453879721,,,,
107,36,"Cellular South Licenses, LLC",0020434767,49850284,,,,
107,36,"East Kentucky Network, LLC",0001786607,8675753,1301363,7374390,1301363,
107,36,"Grand River Communications, Inc.",0003737392,1590200,238530,1351670,238530,
107,36,Granite Wireless LLC,0030007280,170510,,,,
107,36,"Horry Telephone Cooperative, Inc.",0001886944,7638336,1145750,6492586,1145750,
107,36,"LICT Wireless Broadband Company, LLC",0025243858,4267485,,,,
107,36,Little Bear Wireless L.L.C.,0029996568,2510020,,,,
107,36,"NewLevel II, L.P.",0029984747,1277395688,,,,
107,36,"Nex-Tech Wireless, L.L.C.",0012144150,12157510,1823627,10333883,1823627,
107,36,"Nsight Spectrum, LLC",0020519138,5424123,,,,
107,36,"Pioneer Telephone Cooperative, Inc.",0001700863,23652000,3547800,20104200,3547800,
107,36,"Smith Bagley, Inc.",0002154706,6634910,995237,5639673,995237,
107,36,T-Mobile License LLC,0001565449,9336109035,,,,
107,36,Union Telephone Company,0001630201,3123600,468540,2655060,468540,
107,36,United States Cellular Corporation,0004372322,1282621542,,,,
107,36,"Widespread Wireless, LLC",0029994001,64606668,16151667,48455001,16151667,2947384
107,35,AT&T Spectrum Frontiers LLC,0027840180,23406855269,,,,
107,35,"Agri-Valley Communications, Inc.",0003778362,4915460,737319,4178141,737319,
107,35,"Canopy Spectrum, LLC",0029963048,197021760,25000000,172021760,49255440,23320309
107,35,"Carolina West Wireless, Inc.",0001940022,18565480,2784822,15780658,2784822,
107,35,Cellco Partnership,0003290673,45453263968,,,,
107,35,"Cellular South Licenses, LLC",0020434767,49850284,,,,
107,35,"East Kentucky Network, LLC",0001786607,8675753,1301363,7374390,1301363,
107,35,"Grand River Communications, Inc.",0003737392,1590200,238530,1351670,238530,
107,35,Granite Wireless LLC,0030007280,170510,,,,
107,35,"Horry Telephone Cooperative, Inc.",0001886944,7638336,1145750,6492586,1145750,
107,35,"LICT Wireless Broadband Company, LLC",0025243858,4267485,,,,
107,35,Little Bear Wireless L.L.C.,0029996568,2510020,,,,
107,35,"NewLevel II, L.P.",0029984747,1277395688,,,,
107,35,"Nex-Tech Wireless, L.L.C.",0012144150,12157510,1823627,10333883,1823627,
107,35,"Nsight Spectrum, LLC",0020519138,5424123,,,,
107,35,"Pioneer Telephone Cooperative, Inc.",0001700863,23652000,3547800,20104200,3547800,
107,35,"Smith Bagley, Inc.",0002154706,6634910,995237,5639673,995237,
107,35,T-Mobile License LLC,0001565449,9336109035,,,,
107,35,Union Telephone Company,0001630201,3123600,468540,2655060,468540,
107,35,United States Cellular Corporation,0004372322,1282588125,,,,
107,35,"Widespread Wireless, LLC",0029994001,64606668,16151667,48455001,16151667,2947384
107,34,AT&T Spectrum Frontiers LLC,0027840180,23406855269,,,,
107,34,"Agri-Valley Communications, Inc.",0003778362,4915460,737319,4178141,737319,
107,34,"Canopy Spectrum, LLC",0029963048,197021760,25000000,172021760,49255440,23320309
107,34,"Carolina West Wireless, Inc.",0001940022,18565480,2784822,15780658,2784822,
107,34,Cellco Partnership,0003290673,45452541150,,,,
107,34,"Cellular South Licenses, LLC",0020434767,49850284,,,,
107,34,"East Kentucky Network, LLC",0001786607,8675753,1301363,7374390,1301363,
107,34,"Grand River Communications, Inc.",0003737392,1590200,238530,1351670,238530,
107,34,Granite Wireless LLC,0030007280,170510,,,,
107,34,"Horry Telephone Cooperative, Inc.",0001886944,7638336,1145750,6492586,1145750,
107,34,"LICT Wireless Broadband Company, LLC",0025243858,4267485,,,,
107,34,Little Bear Wireless L.L.C.,0029996568,2510020,,,,
107,34,"NewLevel II, L.P.",0029984747,1277395688,,,,
107,34,"Nex-Tech Wireless, L.L.C.",0012144150,12157510,1823627,10333883,1823627,
107,34,"Nsight Spectrum, LLC",0020519138,5424073,,,,
107,34,"Pioneer Telephone Cooperative, Inc.",0001700863,23652000,3547800,20104200,3547800,
107,34,"Smith Bagley, Inc.",0002154706,6634910,995237,5639673,995237,
107,34,T-Mobile License LLC,0001565449,9336109035,,,,
107,34,Union Telephone Company,0001630201,3123600,468540,2655060,468540,
107,34,United States Cellular Corporation,0004372322,1282584082,,,,
107,34,"Widespread Wireless, LLC",0029994001,64606668,16151667,48455001,16151667,2947384
107,33,AT&T Spectrum Frontiers LLC,0027840180,23406855269,,,,
107,33,"Agri-Valley Communications, Inc.",0003778362,4915460,737319,4178141,737319,
107,33,"Canopy Spectrum, LLC",0029963048,197021760,25000000,172021760,49255440,23320309
107,33,"Carolina West Wireless, Inc.",0001940022,18565480,2784822,15780658,2784822,
107,33,Cellco Partnership,0003290673,45452151018,,,,
107,33,"Cellular South Licenses, LLC",0020434767,49850284,,,,
107,33,"East Kentucky Network, LLC",0001786607,8675753,1301363,7374390,1301363,
107,33,"Grand River Communications, Inc.",0003737392,1590200,238530,1351670,238530,
107,33,Granite Wireless LLC,0030007280,170510,,,,
107,33,"Horry Telephone Cooperative, Inc.",0001886944,7638336,1145750,6492586,1145750,
107,33,"LICT Wireless Broadband Company, LLC",0025243858,4267485,,,,
107,33,Little Bear Wireless L.L.C.,0029996568,2510020,,,,
107,33,"NewLevel II, L.P.",0029984747,1277395688,,,,
107,33,"Nex-Tech Wireless, L.L.C.",0012144150,12157510,1823627,10333883,1823627,
107,33,"Nsight Spectrum, LLC",0020519138,5424073,,,,
107,33,"Pioneer Telephone Cooperative, Inc.",0001700863,23652000,3547800,20104200,3547800,
107,33,"Smith Bagley, Inc.",0002154706,6634910,995237,5639673,995237,
107,33,T-Mobile License LLC,0001565449,9336109035,,,,
107,33,Union Telephone Company,0001630201,3123600,468540,2655060,468540,
107,33,United States Cellular Corporation,0004372322,1282561004,,,,
107,33,"Widespread Wireless, LLC",0029994001,64606668,16151667,48455001,16151667,2947384
107,32,AT&T Spectrum Frontiers LLC,0027840180,23406801389,,,,
107,32,"Agri-Valley Communications, Inc.",0003778362,4915460,737319,4178141,737319,
107,32,"Canopy Spectrum, LLC",0029963048,197021760,25000000,172021760,49255440,23320309
107,32,"Carolina West Wireless, Inc.",0001940022,18565480,2784822,15780658,2784822,
107,32,Cellco Partnership,0003290673,45451485870,,,,
107,32,"Cellular South Licenses, LLC",0020434767,49850284,,,,
107,32,"East Kentucky Network, LLC",0001786607,8675753,1301363,7374390,1301363,
107,32,"Grand River Communications, Inc.",0003737392,1590200,238530,1351670,238530,
107,32,Granite Wireless LLC,0030007280,170510,,,,
107,32,"Horry Telephone Cooperative, Inc.",0001886944,7638336,1145750,6492586,1145750,
107,32,"LICT Wireless Broadband Company, LLC",0025243858,4267485,,,,
107,32,Little Bear Wireless L.L.C.,0029996568,2510020,,,,
107,32,"NewLevel II, L.P.",0029984747,1277395688,,,,
107,32,"Nex-Tech Wireless, L.L.C.",0012144150,12157510,1823627,10333883,1823627,
107,32,"Nsight Spectrum, LLC",0020519138,5424073,,,,
107,32,"Pioneer Telephone Cooperative, Inc.",0001700863,23652000,3547800,20104200,3547800,
107,32,"Smith Bagley, Inc.",0002154706,6634910,995237,5639673,995237,
107,32,T-Mobile License LLC,0001565449,9336109035,,,,
107,32,Union Telephone Company,0001630201,3123600,468540,2655060,468540,
107,32,United States Cellular Corporation,0004372322,1282534751,,,,
107,32,"Widespread Wireless, LLC",0029994001,64606668,16151667,48455001,16151667,2947384
107,31,AT&T Spectrum Frontiers LLC,0027840180,23406763069,,,,
107,31,"Agri-Valley Communications, Inc.",0003778362,4915460,737319,4178141,737319,
107,31,"Canopy Spectrum, LLC",0029963048,197021760,25000000,172021760,49255440,23320309
107,31,"Carolina West Wireless, Inc.",0001940022,18565480,2784822,15780658,2784822,
107,31,Cellco Partnership,0003290673,45450721026,,,,
107,31,"Cellular South Licenses, LLC",0020434767,49850284,,,,
107,31,"East Kentucky Network, LLC",0001786607,8675753,1301363,7374390,1301363,
107,31,"Grand River Communications, Inc.",0003737392,1590200,238530,1351670,238530,
107,31,Granite Wireless LLC,0030007280,170510,,,,
107,31,"Horry Telephone Cooperative, Inc.",0001886944,7638336,1145750,6492586,1145750,
107,31,"LICT Wireless Broadband Company, LLC",0025243858,4267485,,,,
107,31,Little Bear Wireless L.L.C.,0029996568,2510020,,,,
107,31,"NewLevel II, L.P.",0029984747,1277395688,,,,
107,31,"Nex-Tech Wireless, L.L.C.",0012144150,12157510,1823627,10333883,1823627,
107,31,"Nsight Spectrum, LLC",0020519138,5424073,,,,
107,31,"Pioneer Telephone Cooperative, Inc.",0001700863,23652000,3547800,20104200,3547800,
107,31,"Smith Bagley, Inc.",0002154706,6634910,995237,5639673,995237,
107,31,T-Mobile License LLC,0001565449,9336058139,,,,
107,31,Union Telephone Company,0001630201,3123600,468540,2655060,468540,
107,31,United States Cellular Corporation,0004372322,1282534751,,,,
107,31,"Widespread Wireless, LLC",0029994001,64606668,16151667,48455001,16151667,2947384
107,30,AT&T Spectrum Frontiers LLC,0027840180,23406742416,,,,
107,30,"Agri-Valley Communications, Inc.",0003778362,4915460,737319,4178141,737319,
107,30,"Canopy Spectrum, LLC",0029963048,197021760,25000000,172021760,49255440,23320309
107,30,"Carolina West Wireless, Inc.",0001940022,18565480,2784822,15780658,2784822,
107,30,Cellco Partnership,0003290673,45449692867,,,,
107,30,"Cellular South Licenses, LLC",0020434767,49850284,,,,
107,30,"East Kentucky Network, LLC",0001786607,8675753,1301363,7374390,1301363,
107,30,"Grand River Communications, Inc.",0003737392,1590200,238530,1351670,238530,
107,30,Granite Wireless LLC,0030007280,170510,,,,
107,30,"Horry Telephone Cooperative, Inc.",0001886944,7638336,1145750,6492586,1145750,
107,30,"LICT Wireless Broadband Company, LLC",0025243858,4267485,,,,
107,30,Little Bear Wireless L.L.C.,0029996568,2510020,,,,
107,30,"NewLevel II, L.P.",0029984747,1277395688,,,,
107,30,"Nex-Tech Wireless, L.L.C.",0012144150,12157510,1823627,10333883,1823627,
107,30,"Nsight Spectrum, LLC",0020519138,5424073,,,,
107,30,"Pioneer Telephone Cooperative, Inc.",0001700863,23652000,3547800,20104200,3547800,
107,30,"Smith Bagley, Inc.",0002154706,6634910,995237,5639673,995237,
107,30,T-Mobile License LLC,0001565449,9336058139,,,,
107,30,Union Telephone Company,0001630201,3123600,468540,2655060,468540,
107,30,United States Cellular Corporation,0004372322,1282402902,,,,
107,30,"Widespread Wireless, LLC",0029994001,64606668,16151667,48455001,16151667,2947384
107,29,AT&T Spectrum Frontiers LLC,0027840180,23406742416,,,,
107,29,"Agri-Valley Communications, Inc.",0003778362,4915460,737319,4178141,737319,
107,29,"Canopy Spectrum, LLC",0029963048,197021760,25000000,172021760,49255440,23320309
107,29,"Carolina West Wireless, Inc.",0001940022,18565480,2784822,15780658,2784822,
107,29,Cellco Partnership,0003290673,45447487544,,,,
107,29,"Cellular South Licenses, LLC",0020434767,49850284,,,,
107,29,"East Kentucky Network, LLC",0001786607,8675753,1301363,7374390,1301363,
107,29,"Grand River Communications, Inc.",0003737392,1590200,238530,1351670,238530,
107,29,Granite Wireless LLC,0030007280,170510,,,,
107,29,"Horry Telephone Cooperative, Inc.",0001886944,7638336,1145750,6492586,1145750,
107,29,"LICT Wireless Broadband Company, LLC",0025243858,4267485,,,,
107,29,Little Bear Wireless L.L.C.,0029996568,2510020,,,,
107,29,"NewLevel II, L.P.",0029984747,1277395688,,,,
107,29,"Nex-Tech Wireless, L.L.C.",0012144150,12157510,1823627,10333883,1823627,
107,29,"Nsight Spectrum, LLC",0020519138,5424073,,,,
107,29,"Pioneer Telephone Cooperative, Inc.",0001700863,23652000,3547800,20104200,3547800,
107,29,"Smith Bagley, Inc.",0002154706,6634910,995237,5639673,995237,
107,29,T-Mobile License LLC,0001565449,9336058139,,,,
107,29,Union Telephone Company,0001630201,3123600,468540,2655060,468540,
107,29,United States Cellular Corporation,0004372322,1281915215,,,,
107,29,"Widespread Wireless, LLC",0029994001,64606668,16151667,48455001,16151667,2947384
107,28,AT&T Spectrum Frontiers LLC,0027840180,23406634656,,,,
107,28,"Agri-Valley Communications, Inc.",0003778362,4915460,737319,4178141,737319,
107,28,"Canopy Spectrum, LLC",0029963048,197021760,25000000,172021760,49255440,23320309
107,28,"Carolina West Wireless, Inc.",0001940022,18565480,2784822,15780658,2784822,
107,28,Cellco Partnership,0003290673,45446208823,,,,
107,28,"Cellular South Licenses, LLC",0020434767,49850284,,,,
107,28,"East Kentucky Network, LLC",0001786607,8675753,1301363,7374390,1301363,
107,28,"Grand River Communications, Inc.",0003737392,1590200,238530,1351670,238530,
107,28,Granite Wireless LLC,0030007280,170510,,,,
107,28,"Horry Telephone Cooperative, Inc.",0001886944,7638336,1145750,6492586,1145750,
107,28,"LICT Wireless Broadband Company, LLC",0025243858,4267485,,,,
107,28,Little Bear Wireless L.L.C.,0029996568,2510020,,,,
107,28,"NewLevel II, L.P.",0029984747,1277395688,,,,
107,28,"Nex-Tech Wireless, L.L.C.",0012144150,12157510,1823627,10333883,1823627,
107,28,"Nsight Spectrum, LLC",0020519138,5424073,,,,
107,28,"Pioneer Telephone Cooperative, Inc.",0001700863,23652000,3547800,20104200,3547800,
107,28,"Smith Bagley, Inc.",0002154706,6634910,995237,5639673,995237,
107,28,T-Mobile License LLC,0001565449,9336058139,,,,
107,28,Union Telephone Company,0001630201,3123600,468540,2655060,468540,
107,28,United States Cellular Corporation,0004372322,1281571086,,,,
107,28,"Widespread Wireless, LLC",0029994001,64606668,16151667,48455001,16151667,2947384
107,27,AT&T Spectrum Frontiers LLC,0027840180,23406556586,,,,
107,27,"Agri-Valley Communications, Inc.",0003778362,4915460,737319,4178141,737319,
107,27,"Canopy Spectrum, LLC",0029963048,197021760,25000000,172021760,49255440,23320309
107,27,"Carolina West Wireless, Inc.",0001940022,18565480,2784822,15780658,2784822,
107,27,Cellco Partnership,0003290673,45443747499,,,,
107,27,"Cellular South Licenses, LLC",0020434767,49850284,,,,
107,27,"East Kentucky Network, LLC",0001786607,8675753,1301363,7374390,1301363,
107,27,"Grand River Communications, Inc.",0003737392,1590200,238530,1351670,238530,
107,27,Granite Wireless LLC,0030007280,170510,,,,
107,27,"Horry Telephone Cooperative, Inc.",0001886944,7638336,1145750,6492586,1145750,
107,27,"LICT Wireless Broadband Company, LLC",0025243858,4267485,,,,
107,27,Little Bear Wireless L.L.C.,0029996568,2510020,,,,
107,27,"NewLevel II, L.P.",0029984747,1277395688,,,,
107,27,"Nex-Tech Wireless, L.L.C.",0012144150,12157510,1823627,10333883,1823627,
107,27,"Nsight Spectrum, LLC",0020519138,5424073,,,,
107,27,"Pioneer Telephone Cooperative, Inc.",0001700863,23652000,3547800,20104200,3547800,
107,27,"Smith Bagley, Inc.",0002154706,6634910,995237,5639673,995237,
107,27,T-Mobile License LLC,0001565449,9335978603,,,,
107,27,Union Telephone Company,0001630201,3123600,468540,2655060,468540,
107,27,United States Cellular Corporation,0004372322,1281514026,,,,
107,27,"Widespread Wireless, LLC",0029994001,64606668,16151667,48455001,16151667,2947384
107,26,AT&T Spectrum Frontiers LLC,0027840180,23406502706,,,,
107,26,"Agri-Valley Communications, Inc.",0003778362,4915460,737319,4178141,737319,
107,26,"Canopy Spectrum, LLC",0029963048,197021760,25000000,172021760,49255440,23320309
107,26,"Carolina West Wireless, Inc.",0001940022,18565480,2784822,15780658,2784822,
107,26,Cellco Partnership,0003290673,45442009746,,,,
107,26,"Cellular South Licenses, LLC",0020434767,49850284,,,,
107,26,"East Kentucky Network, LLC",0001786607,8675753,1301363,7374390,1301363,
107,26,"Grand River Communications, Inc.",0003737392,1590200,238530,1351670,238530,
107,26,Granite Wireless LLC,0030007280,170510,,,,
107,26,"Horry Telephone Cooperative, Inc.",0001886944,7638336,1145750,6492586,1145750,
107,26,"LICT Wireless Broadband Company, LLC",0025243858,4267485,,,,
107,26,Little Bear Wireless L.L.C.,0029996568,2510020,,,,
107,26,"NewLevel II, L.P.",0029984747,1277395688,,,,
107,26,"Nex-Tech Wireless, L.L.C.",0012144150,12157510,1823627,10333883,1823627,
107,26,"Nsight Spectrum, LLC",0020519138,5424073,,,,
107,26,"Pioneer Telephone Cooperative, Inc.",0001700863,23652000,3547800,20104200,3547800,
107,26,"Smith Bagley, Inc.",0002154706,6634910,995237,5639673,995237,
107,26,T-Mobile License LLC,0001565449,9335854953,,,,
107,26,Union Telephone Company,0001630201,3123600,468540,2655060,468540,
107,26,United States Cellular Corporation,0004372322,1281360999,,,,
107,26,"Widespread Wireless, LLC",0029994001,64606668,16151667,48455001,16151667,2947384
107,25,AT&T Spectrum Frontiers LLC,0027840180,23406305146,,,,
107,25,"Agri-Valley Communications, Inc.",0003778362,4915460,737319,4178141,737319,
107,25,"Canopy Spectrum, LLC",0029963048,197021760,25000000,172021760,49255440,23320309
107,25,"Carolina West Wireless, Inc.",0001940022,18565480,2784822,15780658,2784822,
107,25,Cellco Partnership,0003290673,45439503267,,,,
107,25,"Cellular South Licenses, LLC",0020434767,49850284,,,,
107,25,"East Kentucky Network, LLC",0001786607,8675753,1301363,7374390,1301363,
107,25,"Grand River Communications, Inc.",0003737392,1590200,238530,1351670,238530,
107,25,Granite Wireless LLC,0030007280,170510,,,,
107,25,"Horry Telephone Cooperative, Inc.",0001886944,7638336,1145750,6492586,1145750,
107,25,"LICT Wireless Broadband Company, LLC",0025243858,4267485,,,,
107,25,Little Bear Wireless L.L.C.,0029996568,2510020,,,,
107,25,"NewLevel II, L.P.",0029984747,1277395688,,,,
107,25,"Nex-Tech Wireless, L.L.C.",0012144150,12157510,1823627,10333883,1823627,
107,25,"Nsight Spectrum, LLC",0020519138,5424073,,,,
107,25,"Pioneer Telephone Cooperative, Inc.",0001700863,23652000,3547800,20104200,3547800,
107,25,"Smith Bagley, Inc.",0002154706,6634910,995237,5639673,995237,
107,25,T-Mobile License LLC,0001565449,9335788257,,,,
107,25,Union Telephone Company,0001630201,3123600,468540,2655060,468540,
107,25,United States Cellular Corporation,0004372322,1280957494,,,,
107,25,"Widespread Wireless, LLC",0029994001,64606668,16151667,48455001,16151667,2947384
107,24,AT&T Spectrum Frontiers LLC,0027840180,23406305146,,,,
107,24,"Agri-Valley Communications, Inc.",0003778362,4915460,737319,4178141,737319,
107,24,"Canopy Spectrum, LLC",0029963048,197021760,25000000,172021760,49255440,23320309
107,24,"Carolina West Wireless, Inc.",0001940022,18565480,2784822,15780658,2784822,
107,24,Cellco Partnership,0003290673,45433348790,,,,
107,24,"Cellular South Licenses, LLC",0020434767,49850284,,,,
107,24,"East Kentucky Network, LLC",0001786607,8675753,1301363,7374390,1301363,
107,24,"Grand River Communications, Inc.",0003737392,1590200,238530,1351670,238530,
107,24,Granite Wireless LLC,0030007280,170510,,,,
107,24,"Horry Telephone Cooperative, Inc.",0001886944,7638336,1145750,6492586,1145750,
107,24,"LICT Wireless Broadband Company, LLC",0025243858,4267485,,,,
107,24,Little Bear Wireless L.L.C.,0029996568,2510020,,,,
107,24,"NewLevel II, L.P.",0029984747,1277395688,,,,
107,24,"Nex-Tech Wireless, L.L.C.",0012144150,12157510,1823627,10333883,1823627,
107,24,"Nsight Spectrum, LLC",0020519138,5424073,,,,
107,24,"Pioneer Telephone Cooperative, Inc.",0001700863,23652000,3547800,20104200,3547800,
107,24,"Smith Bagley, Inc.",0002154706,6634910,995237,5639673,995237,
107,24,T-Mobile License LLC,0001565449,9335298753,,,,
107,24,Union Telephone Company,0001630201,3123600,468540,2655060,468540,
107,24,United States Cellular Corporation,0004372322,1280253675,,,,
107,24,"Widespread Wireless, LLC",0029994001,64606668,16151667,48455001,16151667,2947384
107,23,AT&T Spectrum Frontiers LLC,0027840180,23406188016,,,,
107,23,"Agri-Valley Communications, Inc.",0003778362,4915460,737319,4178141,737319,
107,23,"Canopy Spectrum, LLC",0029963048,197021760,25000000,172021760,49255440,23320309
107,23,"Carolina West Wireless, Inc.",0001940022,18565480,2784822,15780658,2784822,
107,23,Cellco Partnership,0003290673,45431458224,,,,
107,23,"Cellular South Licenses, LLC",0020434767,49850284,,,,
107,23,"East Kentucky Network, LLC",0001786607,8675753,1301363,7374390,1301363,
107,23,"Grand River Communications, Inc.",0003737392,1590200,238530,1351670,238530,
107,23,Granite Wireless LLC,0030007280,170510,,,,
107,23,"Horry Telephone Cooperative, Inc.",0001886944,7638336,1145750,6492586,1145750,
107,23,"LICT Wireless Broadband Company, LLC",0025243858,4267485,,,,
107,23,Little Bear Wireless L.L.C.,0029996568,2510020,,,,
107,23,"NewLevel II, L.P.",0029984747,1277395678,,,,
107,23,"Nex-Tech Wireless, L.L.C.",0012144150,12157510,1823627,10333883,1823627,
107,23,"Nsight Spectrum, LLC",0020519138,5424073,,,,
107,23,"Pioneer Telephone Cooperative, Inc.",0001700863,23652000,3547800,20104200,3547800,
107,23,"Smith Bagley, Inc.",0002154706,6634910,995237,5639673,995237,
107,23,T-Mobile License LLC,0001565449,9335057278,,,,
107,23,Union Telephone Company,0001630201,3123600,468540,2655060,468540,
107,23,United States Cellular Corporation,0004372322,1280178465,,,,
107,23,"Widespread Wireless, LLC",0029994001,64606668,16151667,48455001,16151667,2947384
107,22,AT&T Spectrum Frontiers LLC,0027840180,23406144236,,,,
107,22,"Agri-Valley Communications, Inc.",0003778362,4915460,737319,4178141,737319,
107,22,"Canopy Spectrum, LLC",0029963048,197021760,25000000,172021760,49255440,23320309
107,22,"Carolina West Wireless, Inc.",0001940022,18565480,2784822,15780658,2784822,
107,22,Cellco Partnership,0003290673,45426100637,,,,
107,22,"Cellular South Licenses, LLC",0020434767,49850284,,,,
107,22,"East Kentucky Network, LLC",0001786607,8675753,1301363,7374390,1301363,
107,22,"Grand River Communications, Inc.",0003737392,1590200,238530,1351670,238530,
107,22,Granite Wireless LLC,0030007280,170510,,,,
107,22,"Horry Telephone Cooperative, Inc.",0001886944,7638336,1145750,6492586,1145750,
107,22,"LICT Wireless Broadband Company, LLC",0025243858,4267485,,,,
107,22,Little Bear Wireless L.L.C.,0029996568,2510020,,,,
107,22,"NewLevel II, L.P.",0029984747,1277395668,,,,
107,22,"Nex-Tech Wireless, L.L.C.",0012144150,12157510,1823627,10333883,1823627,
107,22,"Nsight Spectrum, LLC",0020519138,5424073,,,,
107,22,"Pioneer Telephone Cooperative, Inc.",0001700863,23652000,3547800,20104200,3547800,
107,22,"Smith Bagley, Inc.",0002154706,6634910,995237,5639673,995237,
107,22,T-Mobile License LLC,0001565449,9334186188,,,,
107,22,Union Telephone Company,0001630201,3123600,468540,2655060,468540,
107,22,United States Cellular Corporation,0004372322,1279971321,,,,
107,22,"Widespread Wireless, LLC",0029994001,64606668,16151667,48455001,16151667,2947384
107,21,AT&T Spectrum Frontiers LLC,0027840180,23406144236,,,,
107,21,"Agri-Valley Communications, Inc.",0003778362,4915460,737319,4178141,737319,
107,21,"Canopy Spectrum, LLC",0029963048,197021760,25000000,172021760,49255440,23320309
107,21,"Carolina West Wireless, Inc.",0001940022,18565480,2784822,15780658,2784822,
107,21,Cellco Partnership,0003290673,45421980032,,,,
107,21,"Cellular South Licenses, LLC",0020434767,49850284,,,,
107,21,"East Kentucky Network, LLC",0001786607,8675753,1301363,7374390,1301363,
107,21,"Grand River Communications, Inc.",0003737392,1590200,238530,1351670,238530,
107,21,Granite Wireless LLC,0030007280,170510,,,,
107,21,"Horry Telephone Cooperative, Inc.",0001886944,7638336,1145750,6492586,1145750,
107,21,"LICT Wireless Broadband Company, LLC",0025243858,4267485,,,,
107,21,Little Bear Wireless L.L.C.,0029996568,2510020,,,,
107,21,"NewLevel II, L.P.",0029984747,1277395658,,,,
107,21,"Nex-Tech Wireless, L.L.C.",0012144150,12157510,1823627,10333883,1823627,
107,21,"Nsight Spectrum, LLC",0020519138,5424073,,,,
107,21,"Pioneer Telephone Cooperative, Inc.",0001700863,23652000,3547800,20104200,3547800,
107,21,"Smith Bagley, Inc.",0002154706,6634910,995237,5639673,995237,
107,21,T-Mobile License LLC,0001565449,9333621072,,,,
107,21,Union Telephone Company,0001630201,3123600,468540,2655060,468540,
107,21,United States Cellular Corporation,0004372322,1279971321,,,,
107,21,"Widespread Wireless, LLC",0029994001,64606668,16151667,48455001,16151667,2947384
107,20,AT&T Spectrum Frontiers LLC,0027840180,23406144236,,,,
107,20,"Agri-Valley Communications, Inc.",0003778362,4915460,737319,4178141,737319,
107,20,"Canopy Spectrum, LLC",0029963048,197021760,25000000,172021760,49255440,23320309
107,20,"Carolina West Wireless, Inc.",0001940022,18565480,2784822,15780658,2784822,
107,20,Cellco Partnership,0003290673,45408628138,,,,
107,20,"Cellular South Licenses, LLC",0020434767,49850284,,,,
107,20,"East Kentucky Network, LLC",0001786607,8675753,1301363,7374390,1301363,
107,20,"Grand River Communications, Inc.",0003737392,1590200,238530,1351670,238530,
107,20,Granite Wireless LLC,0030007280,170510,,,,
107,20,"Horry Telephone Cooperative, Inc.",0001886944,7638336,1145750,6492586,1145750,
107,20,"LICT Wireless Broadband Company, LLC",0025243858,4267485,,,,
107,20,Little Bear Wireless L.L.C.,0029996568,2510020,,,,
107,20,"NewLevel II, L.P.",0029984747,1277395658,,,,
107,20,"Nex-Tech Wireless, L.L.C.",0012144150,12157510,1823627,10333883,1823627,
107,20,"Nsight Spectrum, LLC",0020519138,5424073,,,,
107,20,"Pioneer Telephone Cooperative, Inc.",0001700863,23652000,3547800,20104200,3547800,
107,20,"Smith Bagley, Inc.",0002154706,6634910,995237,5639673,995237,
107,20,T-Mobile License LLC,0001565449,9332367506,,,,
107,20,Union Telephone Company,0001630201,3123600,468540,2655060,468540,
107,20,United States Cellular Corporation,0004372322,1279971321,,,,
107,20,"Widespread Wireless, LLC",0029994001,64606668,16151667,48455001,16151667,2947384
107,19,AT&T Spectrum Frontiers LLC,0027840180,23406144236,,,,
107,19,"Agri-Valley Communications, Inc.",0003778362,4915460,737319,4178141,737319,
107,19,"Canopy Spectrum, LLC",0029963048,197021760,25000000,172021760,49255440,23320309
107,19,"Carolina West Wireless, Inc.",0001940022,18565480,2784822,15780658,2784822,
107,19,Cellco Partnership,0003290673,45404851888,,,,
107,19,"Cellular South Licenses, LLC",0020434767,49850284,,,,
107,19,"East Kentucky Network, LLC",0001786607,8675753,1301363,7374390,1301363,
107,19,"Grand River Communications, Inc.",0003737392,1590200,238530,1351670,238530,
107,19,Granite Wireless LLC,0030007280,170510,,,,
107,19,"Horry Telephone Cooperative, Inc.",0001886944,7638336,1145750,6492586,1145750,
107,19,"LICT Wireless Broadband Company, LLC",0025243858,4267485,,,,
107,19,Little Bear Wireless L.L.C.,0029996568,2510020,,,,
107,19,"NewLevel II, L.P.",0029984747,1277395658,,,,
107,19,"Nex-Tech Wireless, L.L.C.",0012144150,12157510,1823627,10333883,1823627,
107,19,"Nsight Spectrum, LLC",0020519138,5424073,,,,
107,19,"Pioneer Telephone Cooperative, Inc.",0001700863,23652000,3547800,20104200,3547800,
107,19,"Smith Bagley, Inc.",0002154706,6634910,995237,5639673,995237,
107,19,T-Mobile License LLC,0001565449,9331676106,,,,
107,19,Union Telephone Company,0001630201,3123600,468540,2655060,468540,
107,19,United States Cellular Corporation,0004372322,1279971321,,,,
107,19,"Widespread Wireless, LLC",0029994001,64606668,16151667,48455001,16151667,2947384
107,18,AT&T Spectrum Frontiers LLC,0027840180,23406144236,,,,
107,18,"Agri-Valley Communications, Inc.",0003778362,4915460,737319,4178141,737319,
107,18,"Canopy Spectrum, LLC",0029963048,197021760,25000000,172021760,49255440,23320309
107,18,"Carolina West Wireless, Inc.",0001940022,18565480,2784822,15780658,2784822,
107,18,Cellco Partnership,0003290673,45400893576,,,,
107,18,"Cellular South Licenses, LLC",0020434767,49850284,,,,
107,18,"East Kentucky Network, LLC",0001786607,8675753,1301363,7374390,1301363,
107,18,"Grand River Communications, Inc.",0003737392,1590200,238530,1351670,238530,
107,18,Granite Wireless LLC,0030007280,170510,,,,
107,18,"Horry Telephone Cooperative, Inc.",0001886944,7638336,1145750,6492586,1145750,
107,18,"LICT Wireless Broadband Company, LLC",0025243858,4267485,,,,
107,18,Little Bear Wireless L.L.C.,0029996568,2510020,,,,
107,18,"NewLevel II, L.P.",0029984747,1277395658,,,,
107,18,"Nex-Tech Wireless, L.L.C.",0012144150,12157510,1823627,10333883,1823627,
107,18,"Nsight Spectrum, LLC",0020519138,5424073,,,,
107,18,"Pioneer Telephone Cooperative, Inc.",0001700863,23652000,3547800,20104200,3547800,
107,18,"Smith Bagley, Inc.",0002154706,6634910,995237,5639673,995237,
107,18,T-Mobile License LLC,0001565449,9331080498,,,,
107,18,Union Telephone Company,0001630201,3123600,468540,2655060,468540,
107,18,United States Cellular Corporation,0004372322,1279971321,,,,
107,18,"Widespread Wireless, LLC",0029994001,64606668,16151667,48455001,16151667,2947384
107,17,AT&T Spectrum Frontiers LLC,0027840180,23406144236,,,,
107,17,"Agri-Valley Communications, Inc.",0003778362,4915460,737319,4178141,737319,
107,17,"Canopy Spectrum, LLC",0029963048,197021760,25000000,172021760,49255440,23320309
107,17,"Carolina West Wireless, Inc.",0001940022,18565480,2784822,15780658,2784822,
107,17,Cellco Partnership,0003290673,45392206002,,,,
107,17,"Cellular South Licenses, LLC",0020434767,49850284,,,,
107,17,"East Kentucky Network, LLC",0001786607,8675753,1301363,7374390,1301363,
107,17,"Grand River Communications, Inc.",0003737392,1590200,238530,1351670,238530,
107,17,Granite Wireless LLC,0030007280,170510,,,,
107,17,"Horry Telephone Cooperative, Inc.",0001886944,7638336,1145750,6492586,1145750,
107,17,"LICT Wireless Broadband Company, LLC",0025243858,4267485,,,,
107,17,Little Bear Wireless L.L.C.,0029996568,2510020,,,,
107,17,"NewLevel II, L.P.",0029984747,1277395658,,,,
107,17,"Nex-Tech Wireless, L.L.C.",0012144150,12157510,1823627,10333883,1823627,
107,17,"Nsight Spectrum, LLC",0020519138,5424073,,,,
107,17,"Pioneer Telephone Cooperative, Inc.",0001700863,23652000,3547800,20104200,3547800,
107,17,"Smith Bagley, Inc.",0002154706,6634910,995237,5639673,995237,
107,17,T-Mobile License LLC,0001565449,9330058602,,,,
107,17,Union Telephone Company,0001630201,3123600,468540,2655060,468540,
107,17,United States Cellular Corporation,0004372322,1279971321,,,,
107,17,"Widespread Wireless, LLC",0029994001,64606668,16151667,48455001,16151667,2947384
107,16,AT&T Spectrum Frontiers LLC,0027840180,23406144236,,,,
107,16,"Agri-Valley Communications, Inc.",0003778362,4915460,737319,4178141,737319,
107,16,"Canopy Spectrum, LLC",0029963048,197021760,25000000,172021760,49255440,23320309
107,16,"Carolina West Wireless, Inc.",0001940022,18565480,2784822,15780658,2784822,
107,16,Cellco Partnership,0003290673,45387326628,,,,
107,16,"Cellular South Licenses, LLC",0020434767,49850284,,,,
107,16,"East Kentucky Network, LLC",0001786607,8675753,1301363,7374390,1301363,
107,16,"Grand River Communications, Inc.",0003737392,1590200,238530,1351670,238530,
107,16,Granite Wireless LLC,0030007280,170510,,,,
107,16,"Horry Telephone Cooperative, Inc.",0001886944,7638336,1145750,6492586,1145750,
107,16,"LICT Wireless Broadband Company, LLC",0025243858,4267485,,,,
107,16,Little Bear Wireless L.L.C.,0029996568,2510020,,,,
107,16,"NewLevel II, L.P.",0029984747,1277395658,,,,
107,16,"Nex-Tech Wireless, L.L.C.",0012144150,12157510,1823627,10333883,1823627,
107,16,"Nsight Spectrum, LLC",0020519138,5424073,,,,
107,16,"Pioneer Telephone Cooperative, Inc.",0001700863,23652000,3547800,20104200,3547800,
107,16,"Smith Bagley, Inc.",0002154706,6634910,995237,5639673,995237,
107,16,T-Mobile License LLC,0001565449,9329295986,,,,
107,16,Union Telephone Company,0001630201,3123600,468540,2655060,468540,
107,16,United States Cellular Corporation,0004372322,1279971321,,,,
107,16,"Widespread Wireless, LLC",0029994001,64606668,16151667,48455001,16151667,2947384
107,15,AT&T Spectrum Frontiers LLC,0027840180,23406144236,,,,
107,15,"Agri-Valley Communications, Inc.",0003778362,4915460,737319,4178141,737319,
107,15,"Canopy Spectrum, LLC",0029963048,197021760,25000000,172021760,49255440,23320309
107,15,"Carolina West Wireless, Inc.",0001940022,18565480,2784822,15780658,2784822,
107,15,Cellco Partnership,0003290673,45382019062,,,,
107,15,"Cellular South Licenses, LLC",0020434767,49850284,,,,
107,15,"East Kentucky Network, LLC",0001786607,8675753,1301363,7374390,1301363,
107,15,"Grand River Communications, Inc.",0003737392,1590200,238530,1351670,238530,
107,15,Granite Wireless LLC,0030007280,170510,,,,
107,15,"Horry Telephone Cooperative, Inc.",0001886944,7638336,1145750,6492586,1145750,
107,15,"LICT Wireless Broadband Company, LLC",0025243858,4267485,,,,
107,15,Little Bear Wireless L.L.C.,0029996568,2510020,,,,
107,15,"NewLevel II, L.P.",0029984747,1277395658,,,,
107,15,"Nex-Tech Wireless, L.L.C.",0012144150,12157510,1823627,10333883,1823627,
107,15,"Nsight Spectrum, LLC",0020519138,5424073,,,,
107,15,"Pioneer Telephone Cooperative, Inc.",0001700863,23652000,3547800,20104200,3547800,
107,15,"Smith Bagley, Inc.",0002154706,6634910,995237,5639673,995237,
107,15,T-Mobile License LLC,0001565449,9327492362,,,,
107,15,Union Telephone Company,0001630201,3123600,468540,2655060,468540,
107,15,United States Cellular Corporation,0004372322,1279971321,,,,
107,15,"Widespread Wireless, LLC",0029994001,64606668,16151667,48455001,16151667,2947384
107,14,AT&T Spectrum Frontiers LLC,0027840180,23406144236,,,,
107,14,"Agri-Valley Communications, Inc.",0003778362,4915460,737319,4178141,737319,
107,14,"Canopy Spectrum, LLC",0029963048,197021760,25000000,172021760,49255440,23320309
107,14,"Carolina West Wireless, Inc.",0001940022,18565480,2784822,15780658,2784822,
107,14,Cellco Partnership,0003290673,45374444078,,,,
107,14,"Cellular South Licenses, LLC",0020434767,49850284,,,,
107,14,"East Kentucky Network, LLC",0001786607,8675753,1301363,7374390,1301363,
107,14,"Grand River Communications, Inc.",0003737392,1590200,238530,1351670,238530,
107,14,Granite Wireless LLC,0030007280,170510,,,,
107,14,"Horry Telephone Cooperative, Inc.",0001886944,7638336,1145750,6492586,1145750,
107,14,"LICT Wireless Broadband Company, LLC",0025243858,4267485,,,,
107,14,Little Bear Wireless L.L.C.,0029996568,2510020,,,,
107,14,"NewLevel II, L.P.",0029984747,1277395658,,,,
107,14,"Nex-Tech Wireless, L.L.C.",0012144150,12157510,1823627,10333883,1823627,
107,14,"Nsight Spectrum, LLC",0020519138,5424073,,,,
107,14,"Pioneer Telephone Cooperative, Inc.",0001700863,23652000,3547800,20104200,3547800,
107,14,"Smith Bagley, Inc.",0002154706,6634910,995237,5639673,995237,
107,14,T-Mobile License LLC,0001565449,9324793226,,,,
107,14,Union Telephone Company,0001630201,3123600,468540,2655060,468540,
107,14,United States Cellular Corporation,0004372322,1279971321,,,,
107,14,"Widespread Wireless, LLC",0029994001,64606668,16151667,48455001,16151667,2947384
107,13,AT&T Spectrum Frontiers LLC,0027840180,23405158056,,,,
107,13,"Agri-Valley Communications, Inc.",0003778362,4915460,737319,4178141,737319,
107,13,"Canopy Spectrum, LLC",0029963048,197021760,25000000,172021760,49255440,23320309
107,13,"Carolina West Wireless, Inc.",0001940022,18565480,2784822,15780658,2784822,
107,13,Cellco Partnership,0003290673,45369292811,,,,
107,13,"Cellular South Licenses, LLC",0020434767,49850284,,,,
107,13,"East Kentucky Network, LLC",0001786607,8675753,1301363,7374390,1301363,
107,13,"Grand River Communications, Inc.",0003737392,1590200,238530,1351670,238530,
107,13,Granite Wireless LLC,0030007280,170510,,,,
107,13,"Horry Telephone Cooperative, Inc.",0001886944,7638336,1145750,6492586,1145750,
107,13,"LICT Wireless Broadband Company, LLC",0025243858,4267485,,,,
107,13,Little Bear Wireless L.L.C.,0029996568,2510020,,,,
107,13,"NewLevel II, L.P.",0029984747,1277334518,,,,
107,13,"Nex-Tech Wireless, L.L.C.",0012144150,12157510,1823627,10333883,1823627,
107,13,"Nsight Spectrum, LLC",0020519138,5424073,,,,
107,13,"Pioneer Telephone Cooperative, Inc.",0001700863,23652000,3547800,20104200,3547800,
107,13,"Smith Bagley, Inc.",0002154706,6634910,995237,5639673,995237,
107,13,T-Mobile License LLC,0001565449,9324786172,,,,
107,13,Union Telephone Company,0001630201,3123600,468540,2655060,468540,
107,13,United States Cellular Corporation,0004372322,1279971321,,,,
107,13,"Widespread Wireless, LLC",0029994001,64606668,16151667,48455001,16151667,2947384
107,12,AT&T Spectrum Frontiers LLC,0027840180,23403942216,,,,
107,12,"Agri-Valley Communications, Inc.",0003778362,4915460,737319,4178141,737319,
107,12,"Canopy Spectrum, LLC",0029963048,197021760,25000000,172021760,49255440,23320309
107,12,"Carolina West Wireless, Inc.",0001940022,18565480,2784822,15780658,2784822,
107,12,Cellco Partnership,0003290673,45362124735,,,,
107,12,"Cellular South Licenses, LLC",0020434767,49850284,,,,
107,12,"East Kentucky Network, LLC",0001786607,8675753,1301363,7374390,1301363,
107,12,"Grand River Communications, Inc.",0003737392,1590200,238530,1351670,238530,
107,12,Granite Wireless LLC,0030007280,170510,,,,
107,12,"Horry Telephone Cooperative, Inc.",0001886944,7638336,1145750,6492586,1145750,
107,12,"LICT Wireless Broadband Company, LLC",0025243858,4267485,,,,
107,12,Little Bear Wireless L.L.C.,0029996568,2510020,,,,
107,12,"NewLevel II, L.P.",0029984747,1277291098,,,,
107,12,"Nex-Tech Wireless, L.L.C.",0012144150,12157510,1823627,10333883,1823627,
107,12,"Nsight Spectrum, LLC",0020519138,5424073,,,,
107,12,"Pioneer Telephone Cooperative, Inc.",0001700863,23652000,3547800,20104200,3547800,
107,12,"Smith Bagley, Inc.",0002154706,6634910,995237,5639673,995237,
107,12,T-Mobile License LLC,0001565449,9324661427,,,,
107,12,Union Telephone Company,0001630201,3123600,468540,2655060,468540,
107,12,United States Cellular Corporation,0004372322,1279971321,,,,
107,12,"Widespread Wireless, LLC",0029994001,64606668,16151667,48455001,16151667,2947384
107,11,AT&T Spectrum Frontiers LLC,0027840180,23402762926,,,,
107,11,"Agri-Valley Communications, Inc.",0003778362,4915460,737319,4178141,737319,
107,11,"Canopy Spectrum, LLC",0029963048,197021760,25000000,172021760,49255440,23320309
107,11,"Carolina West Wireless, Inc.",0001940022,18565480,2784822,15780658,2784822,
107,11,Cellco Partnership,0003290673,45355874829,,,,
107,11,"Cellular South Licenses, LLC",0020434767,49850284,,,,
107,11,"East Kentucky Network, LLC",0001786607,8675753,1301363,7374390,1301363,
107,11,"Grand River Communications, Inc.",0003737392,1590200,238530,1351670,238530,
107,11,Granite Wireless LLC,0030007280,170510,,,,
107,11,"Horry Telephone Cooperative, Inc.",0001886944,7638336,1145750,6492586,1145750,
107,11,"LICT Wireless Broadband Company, LLC",0025243858,4267485,,,,
107,11,Little Bear Wireless L.L.C.,0029996568,2510020,,,,
107,11,"NewLevel II, L.P.",0029984747,1277291098,,,,
107,11,"Nex-Tech Wireless, L.L.C.",0012144150,12157510,1823627,10333883,1823627,
107,11,"Nsight Spectrum, LLC",0020519138,5424073,,,,
107,11,"Pioneer Telephone Cooperative, Inc.",0001700863,23652000,3547800,20104200,3547800,
107,11,"Smith Bagley, Inc.",0002154706,6634910,995237,5639673,995237,
107,11,T-Mobile License LLC,0001565449,9324054933,,,,
107,11,Union Telephone Company,0001630201,3123600,468540,2655060,468540,
107,11,United States Cellular Corporation,0004372322,1279971321,,,,
107,11,"Widespread Wireless, LLC",0029994001,64606668,16151667,48455001,16151667,2947384
107,10,AT&T Spectrum Frontiers LLC,0027840180,23400880516,,,,
107,10,"Agri-Valley Communications, Inc.",0003778362,4915460,737319,4178141,737319,
107,10,"Canopy Spectrum, LLC",0029963048,197021760,25000000,172021760,49255440,23320309
107,10,"Carolina West Wireless, Inc.",0001940022,18565480,2784822,15780658,2784822,
107,10,Cellco Partnership,0003290673,45347785053,,,,
107,10,"Cellular South Licenses, LLC",0020434767,49850284,,,,
107,10,"East Kentucky Network, LLC",0001786607,8675753,1301363,7374390,1301363,
107,10,"Grand River Communications, Inc.",0003737392,1590200,238530,1351670,238530,
107,10,Granite Wireless LLC,0030007280,170510,,,,
107,10,"Horry Telephone Cooperative, Inc.",0001886944,7638336,1145750,6492586,1145750,
107,10,"LICT Wireless Broadband Company, LLC",0025243858,4267485,,,,
107,10,Little Bear Wireless L.L.C.,0029996568,2510020,,,,
107,10,"NewLevel II, L.P.",0029984747,1277291098,,,,
107,10,"Nex-Tech Wireless, L.L.C.",0012144150,12157510,1823627,10333883,1823627,
107,10,"Nsight Spectrum, LLC",0020519138,5424073,,,,
107,10,"Pioneer Telephone Cooperative, Inc.",0001700863,23652000,3547800,20104200,3547800,
107,10,"Smith Bagley, Inc.",0002154706,6634910,995237,5639673,995237,
107,10,T-Mobile License LLC,0001565449,9323086839,,,,
107,10,Union Telephone Company,0001630201,3123600,468540,2655060,468540,
107,10,United States Cellular Corporation,0004372322,1279971321,,,,
107,10,"Widespread Wireless, LLC",0029994001,64606668,16151667,48455001,16151667,2947384
107,9,AT&T Spectrum Frontiers LLC,0027840180,23398735926,,,,
107,9,"Agri-Valley Communications, Inc.",0003778362,4915460,737319,4178141,737319,
107,9,"Canopy Spectrum, LLC",0029963048,197021760,25000000,172021760,49255440,23320309
107,9,"Carolina West Wireless, Inc.",0001940022,18565480,2784822,15780658,2784822,
107,9,Cellco Partnership,0003290673,45339550823,,,,
107,9,"Cellular South Licenses, LLC",0020434767,49850284,,,,
107,9,"East Kentucky Network, LLC",0001786607,8675753,1301363,7374390,1301363,
107,9,"Grand River Communications, Inc.",0003737392,1590200,238530,1351670,238530,
107,9,Granite Wireless LLC,0030007280,170510,,,,
107,9,"Horry Telephone Cooperative, Inc.",0001886944,7638336,1145750,6492586,1145750,
107,9,"LICT Wireless Broadband Company, LLC",0025243858,4267485,,,,
107,9,Little Bear Wireless L.L.C.,0029996568,2510020,,,,
107,9,"NewLevel II, L.P.",0029984747,1277291098,,,,
107,9,"Nex-Tech Wireless, L.L.C.",0012144150,12157510,1823627,10333883,1823627,
107,9,"Nsight Spectrum, LLC",0020519138,5424073,,,,
107,9,"Pioneer Telephone Cooperative, Inc.",0001700863,23652000,3547800,20104200,3547800,
107,9,"Smith Bagley, Inc.",0002154706,6634910,995237,5639673,995237,
107,9,T-Mobile License LLC,0001565449,9321983909,,,,
107,9,Union Telephone Company,0001630201,3123600,468540,2655060,468540,
107,9,United States Cellular Corporation,0004372322,1279971321,,,,
107,9,"Widespread Wireless, LLC",0029994001,64606668,16151667,48455001,16151667,2947384
107,8,AT&T Spectrum Frontiers LLC,0027840180,23396101766,,,,
107,8,"Agri-Valley Communications, Inc.",0003778362,4915460,737319,4178141,737319,
107,8,"Canopy Spectrum, LLC",0029963048,197021760,25000000,172021760,49255440,23320309
107,8,"Carolina West Wireless, Inc.",0001940022,18565480,2784822,15780658,2784822,
107,8,Cellco Partnership,0003290673,45330689325,,,,
107,8,"Cellular South Licenses, LLC",0020434767,49850284,,,,
107,8,"East Kentucky Network, LLC",0001786607,8675753,1301363,7374390,1301363,
107,8,"Grand River Communications, Inc.",0003737392,1590200,238530,1351670,238530,
107,8,Granite Wireless LLC,0030007280,170510,,,,
107,8,"Horry Telephone Cooperative, Inc.",0001886944,7638336,1145750,6492586,1145750,
107,8,"LICT Wireless Broadband Company, LLC",0025243858,4267485,,,,
107,8,Little Bear Wireless L.L.C.,0029996568,2510020,,,,
107,8,"NewLevel II, L.P.",0029984747,1277291098,,,,
107,8,"Nex-Tech Wireless, L.L.C.",0012144150,12157510,1823627,10333883,1823627,
107,8,"Nsight Spectrum, LLC",0020519138,5424073,,,,
107,8,"Pioneer Telephone Cooperative, Inc.",0001700863,23652000,3547800,20104200,3547800,
107,8,"Smith Bagley, Inc.",0002154706,6634910,995237,5639673,995237,
107,8,T-Mobile License LLC,0001565449,9320629197,,,,
107,8,Union Telephone Company,0001630201,3123600,468540,2655060,468540,
107,8,United States Cellular Corporation,0004372322,1279971321,,,,
107,8,"Widespread Wireless, LLC",0029994001,64606668,16151667,48455001,16151667,2947384
107,7,AT&T Spectrum Frontiers LLC,0027840180,23393286356,,,,
107,7,"Agri-Valley Communications, Inc.",0003778362,4915460,737319,4178141,737319,
107,7,"Canopy Spectrum, LLC",0029963048,197021760,25000000,172021760,49255440,23320309
107,7,"Carolina West Wireless, Inc.",0001940022,18565480,2784822,15780658,2784822,
107,7,Cellco Partnership,0003290673,45318537151,,,,
107,7,"Cellular South Licenses, LLC",0020434767,49850284,,,,
107,7,"East Kentucky Network, LLC",0001786607,8675753,1301363,7374390,1301363,
107,7,"Grand River Communications, Inc.",0003737392,1590200,238530,1351670,238530,
107,7,Granite Wireless LLC,0030007280,170510,,,,
107,7,"Horry Telephone Cooperative, Inc.",0001886944,7638336,1145750,6492586,1145750,
107,7,"LICT Wireless Broadband Company, LLC",0025243858,4267485,,,,
107,7,Little Bear Wireless L.L.C.,0029996568,2510020,,,,
107,7,"NewLevel II, L.P.",0029984747,1277291098,,,,
107,7,"Nex-Tech Wireless, L.L.C.",0012144150,12157510,1823627,10333883,1823627,
107,7,"Nsight Spectrum, LLC",0020519138,5424073,,,,
107,7,"Pioneer Telephone Cooperative, Inc.",0001700863,23652000,3547800,20104200,3547800,
107,7,"Smith Bagley, Inc.",0002154706,6634910,995237,5639673,995237,
107,7,T-Mobile License LLC,0001565449,9319020390,,,,
107,7,Union Telephone Company,0001630201,3123600,468540,2655060,468540,
107,7,United States Cellular Corporation,0004372322,1279971321,,,,
107,7,"Widespread Wireless, LLC",0029994001,64606668,16151667,48455001,16151667,2947384
107,6,AT&T Spectrum Frontiers LLC,0027840180,23393286356,,,,
107,6,"Agri-Valley Communications, Inc.",0003778362,4915460,737319,4178141,737319,
107,6,"Canopy Spectrum, LLC",0029963048,197021760,25000000,172021760,49255440,23320309
107,6,"Carolina West Wireless, Inc.",0001940022,18565480,2784822,15780658,2784822,
107,6,Cellco Partnership,0003290673,45314075959,,,,
107,6,"Cellular South Licenses, LLC",0020434767,49850284,,,,
107,6,"East Kentucky Network, LLC",0001786607,8675753,1301363,7374390,1301363,
107,6,"Grand River Communications, Inc.",0003737392,1590200,238530,1351670,238530,
107,6,Granite Wireless LLC,0030007280,170510,,,,
107,6,"Horry Telephone Cooperative, Inc.",0001886944,7638336,1145750,6492586,1145750,
107,6,"LICT Wireless Broadband Company, LLC",0025243858,4267485,,,,
107,6,Little Bear Wireless L.L.C.,0029996568,2510020,,,,
107,6,"NewLevel II, L.P.",0029984747,1277291098,,,,
107,6,"Nex-Tech Wireless, L.L.C.",0012144150,12157510,1823627,10333883,1823627,
107,6,"Nsight Spectrum, LLC",0020519138,5424073,,,,
107,6,"Pioneer Telephone Cooperative, Inc.",0001700863,23652000,3547800,20104200,3547800,
107,6,"Smith Bagley, Inc.",0002154706,6634910,995237,5639673,995237,
107,6,T-Mobile License LLC,0001565449,9317905092,,,,
107,6,Union Telephone Company,0001630201,3123600,468540,2655060,468540,
107,6,United States Cellular Corporation,0004372322,1279971321,,,,
107,6,"Widespread Wireless, LLC",0029994001,64606668,16151667,48455001,16151667,2947384
107,5,AT&T Spectrum Frontiers LLC,0027840180,23393286356,,,,
107,5,"Agri-Valley Communications, Inc.",0003778362,4915460,737319,4178141,737319,
107,5,"Canopy Spectrum, LLC",0029963048,197021760,25000000,172021760,49255440,23320309
107,5,"Carolina West Wireless, Inc.",0001940022,18565480,2784822,15780658,2784822,
107,5,Cellco Partnership,0003290673,45308902367,,,,
107,5,"Cellular South Licenses, LLC",0020434767,49850284,,,,
107,5,"East Kentucky Network, LLC",0001786607,8675753,1301363,7374390,1301363,
107,5,"Grand River Communications, Inc.",0003737392,1590200,238530,1351670,238530,
107,5,Granite Wireless LLC,0030007280,170510,,,,
107,5,"Horry Telephone Cooperative, Inc.",0001886944,7638336,1145750,6492586,1145750,
107,5,"LICT Wireless Broadband Company, LLC",0025243858,4267485,,,,
107,5,Little Bear Wireless L.L.C.,0029996568,2510020,,,,
107,5,"NewLevel II, L.P.",0029984747,1277291098,,,,
107,5,"Nex-Tech Wireless, L.L.C.",0012144150,12157510,1823627,10333883,1823627,
107,5,"Nsight Spectrum, LLC",0020519138,5424073,,,,
107,5,"Pioneer Telephone Cooperative, Inc.",0001700863,23652000,3547800,20104200,3547800,
107,5,"Smith Bagley, Inc.",0002154706,6634910,995237,5639673,995237,
107,5,T-Mobile License LLC,0001565449,9316611694,,,,
107,5,Union Telephone Company,0001630201,3123600,468540,2655060,468540,
107,5,United States Cellular Corporation,0004372322,1279971321,,,,
107,5,"Widespread Wireless, LLC",0029994001,64606668,16151667,48455001,16151667,2947384
107,4,AT&T Spectrum Frontiers LLC,0027840180,23393286356,,,,
107,4,"Agri-Valley Communications, Inc.",0003778362,4915460,737319,4178141,737319,
107,4,"Canopy Spectrum, LLC",0029963048,197021760,25000000,172021760,49255440,23320309
107,4,"Carolina West Wireless, Inc.",0001940022,18565480,2784822,15780658,2784822,
107,4,Cellco Partnership,0003290673,45304585957,,,,
107,4,"Cellular South Licenses, LLC",0020434767,49850284,,,,
107,4,"East Kentucky Network, LLC",0001786607,8675753,1301363,7374390,1301363,
107,4,"Grand River Communications, Inc.",0003737392,1590200,238530,1351670,238530,
107,4,Granite Wireless LLC,0030007280,170510,,,,
107,4,"Horry Telephone Cooperative, Inc.",0001886944,7638336,1145750,6492586,1145750,
107,4,"LICT Wireless Broadband Company, LLC",0025243858,4267485,,,,
107,4,Little Bear Wireless L.L.C.,0029996568,2510020,,,,
107,4,"NewLevel II, L.P.",0029984747,1277266098,,,,
107,4,"Nex-Tech Wireless, L.L.C.",0012144150,12157510,1823627,10333883,1823627,
107,4,"Nsight Spectrum, LLC",0020519138,5424073,,,,
107,4,"Pioneer Telephone Cooperative, Inc.",0001700863,23652000,3547800,20104200,3547800,
107,4,"Smith Bagley, Inc.",0002154706,6634910,995237,5639673,995237,
107,4,T-Mobile License LLC,0001565449,9316416734,,,,
107,4,Union Telephone Company,0001630201,3123600,468540,2655060,468540,
107,4,United States Cellular Corporation,0004372322,1279971321,,,,
107,4,"Widespread Wireless, LLC",0029994001,64606668,16151667,48455001,16151667,2947384
107,3,AT&T Spectrum Frontiers LLC,0027840180,23390180876,,,,
107,3,"Agri-Valley Communications, Inc.",0003778362,4915460,737319,4178141,737319,
107,3,"Canopy Spectrum, LLC",0029963048,197021760,25000000,172021760,49255440,23320309
107,3,"Carolina West Wireless, Inc.",0001940022,18565480,2784822,15780658,2784822,
107,3,Cellco Partnership,0003290673,45295583377,,,,
107,3,"Cellular South Licenses, LLC",0020434767,49850284,,,,
107,3,"East Kentucky Network, LLC",0001786607,8675753,1301363,7374390,1301363,
107,3,"Grand River Communications, Inc.",0003737392,1590200,238530,1351670,238530,
107,3,Granite Wireless LLC,0030007280,170510,,,,
107,3,"Horry Telephone Cooperative, Inc.",0001886944,7638336,1145750,6492586,1145750,
107,3,"LICT Wireless Broadband Company, LLC",0025243858,4267485,,,,
107,3,Little Bear Wireless L.L.C.,0029996568,2510020,,,,
107,3,"NewLevel II, L.P.",0029984747,1277140148,,,,
107,3,"Nex-Tech Wireless, L.L.C.",0012144150,12157510,1823627,10333883,1823627,
107,3,"Nsight Spectrum, LLC",0020519138,5424073,,,,
107,3,"Pioneer Telephone Cooperative, Inc.",0001700863,23652000,3547800,20104200,3547800,
107,3,"Smith Bagley, Inc.",0002154706,6634910,995237,5639673,995237,
107,3,T-Mobile License LLC,0001565449,9316416734,,,,
107,3,Union Telephone Company,0001630201,3123600,468540,2655060,468540,
107,3,United States Cellular Corporation,0004372322,1279971321,,,,
107,3,"Widespread Wireless, LLC",0029994001,64606668,16151667,48455001,16151667,2947384
107,2,AT&T Spectrum Frontiers LLC,0027840180,23387348646,,,,
107,2,"Agri-Valley Communications, Inc.",0003778362,4915460,737319,4178141,737319,
107,2,"Canopy Spectrum, LLC",0029963048,197021760,25000000,172021760,49255440,23320309
107,2,"Carolina West Wireless, Inc.",0001940022,18565480,2784822,15780658,2784822,
107,2,Cellco Partnership,0003290673,45288149835,,,,
107,2,"Cellular South Licenses, LLC",0020434767,49850284,,,,
107,2,"East Kentucky Network, LLC",0001786607,8675753,1301363,7374390,1301363,
107,2,"Grand River Communications, Inc.",0003737392,1590200,238530,1351670,238530,
107,2,Granite Wireless LLC,0030007280,170510,,,,
107,2,"Horry Telephone Cooperative, Inc.",0001886944,7638336,1145750,6492586,1145750,
107,2,"LICT Wireless Broadband Company, LLC",0025243858,4267485,,,,
107,2,Little Bear Wireless L.L.C.,0029996568,2510020,,,,
107,2,"NewLevel II, L.P.",0029984747,1277140148,,,,
107,2,"Nex-Tech Wireless, L.L.C.",0012144150,12157510,1823627,10333883,1823627,
107,2,"Nsight Spectrum, LLC",0020519138,5424073,,,,
107,2,"Pioneer Telephone Cooperative, Inc.",0001700863,23652000,3547800,20104200,3547800,
107,2,"Smith Bagley, Inc.",0002154706,6634910,995237,5639673,995237,
107,2,T-Mobile License LLC,0001565449,9314960156,,,,
107,2,Union Telephone Company,0001630201,3123600,468540,2655060,468540,
107,2,United States Cellular Corporation,0004372322,1279971321,,,,
107,2,"Widespread Wireless, LLC",0029994001,64606668,16151667,48455001,16151667,2947384
107,1,AT&T Spectrum Frontiers LLC,0027840180,23380292326,,,,
107,1,"Agri-Valley Communications, Inc.",0003778362,4915460,737319,4178141,737319,
107,1,"Canopy Spectrum, LLC",0029963048,197021760,25000000,172021760,49255440,23320309
107,1,"Carolina West Wireless, Inc.",0001940022,18565480,2784822,15780658,2784822,
107,1,Cellco Partnership,0003290673,45272253043,,,,
107,1,"Cellular South Licenses, LLC",0020434767,49850284,,,,
107,1,"East Kentucky Network, LLC",0001786607,8675753,1301363,7374390,1301363,
107,1,"Grand River Communications, Inc.",0003737392,1590200,238530,1351670,238530,
107,1,Granite Wireless LLC,0030007280,170510,,,,
107,1,"Horry Telephone Cooperative, Inc.",0001886944,7638336,1145750,6492586,1145750,
107,1,"LICT Wireless Broadband Company, LLC",0025243858,4267485,,,,
107,1,Little Bear Wireless L.L.C.,0029996568,2510020,,,,
107,1,"NewLevel II, L.P.",0029984747,1276857139,,,,
107,1,"Nex-Tech Wireless, L.L.C.",0012144150,12157510,1823627,10333883,1823627,
107,1,"Nsight Spectrum, LLC",0020519138,5424073,,,,
107,1,"Pioneer Telephone Cooperative, Inc.",0001700863,23652000,3547800,20104200,3547800,
107,1,"Smith Bagley, Inc.",0002154706,6634910,995237,5639673,995237,
107,1,T-Mobile License LLC,0001565449,9314960156,,,,
107,1,Union Telephone Company,0001630201,3123600,468540,2655060,468540,
107,1,United States Cellular Corporation,0004372322,1279971321,,,,
107,1,"Widespread Wireless, LLC",0029994001,64606668,16151667,48455001,16151667,2947384
107,0,AT&T Spectrum Frontiers LLC,0027840180,23373079996,,,,
107,0,"Agri-Valley Communications, Inc.",0003778362,4915460,737319,4178141,737319,
107,0,"Canopy Spectrum, LLC",0029963048,197021760,25000000,172021760,49255440,23320309
107,0,"Carolina West Wireless, Inc.",0001940022,18565480,2784822,15780658,2784822,
107,0,Cellco Partnership,0003290673,45263378683,,,,
107,0,"Cellular South Licenses, LLC",0020434767,49850284,,,,
107,0,"East Kentucky Network, LLC",0001786607,8675753,1301363,7374390,1301363,
107,0,"Grand River Communications, Inc.",0003737392,1590200,238530,1351670,238530,
107,0,Granite Wireless LLC,0030007280,170510,,,,
107,0,"Horry Telephone Cooperative, Inc.",0001886944,7638336,1145750,6492586,1145750,
107,0,"LICT Wireless Broadband Company, LLC",0025243858,4267485,,,,
107,0,Little Bear Wireless L.L.C.,0029996568,2510020,,,,
107,0,"NewLevel II, L.P.",0029984747,1276857139,,,,
107,0,"Nex-Tech Wireless, L.L.C.",0012144150,12157510,1823627,10333883,1823627,
107,0,"Nsight Spectrum, LLC",0020519138,5424073,,,,
107,0,"Pioneer Telephone Cooperative, Inc.",0001700863,23652000,3547800,20104200,3547800,
107,0,"Smith Bagley, Inc.",0002154706,6634910,995237,5639673,995237,
107,0,T-Mobile License LLC,0001565449,9312741566,,,,
107,0,Union Telephone Company,0001630201,3123600,468540,2655060,468540,
107,0,United States Cellular Corporation,0004372322,1279971321,,,,
107,0,"Widespread Wireless, LLC",0029994001,64606668,16151667,48455001,16151667,2947384
